campo,ano,mes,tituloPT,tituloEN,keywordsPT,keywordsEN,sinopsePT,sinopseEN,foto1,foto2,foto3,id
passado,2019,set,Beta Kit no Conexão Maker,Beta Kit on Conexão Maker,"educação maker, criatividade, TV","maker education, creativity, TV","Conexão Maker é uma série do Canal Futura que aborda o universo dos makerspaces, da fabricação digital e da cultura do ""faça-você-mesmo"". Apresentado pela consultora de inovação Gabi Agostini, cada episódio traz dois projetos convidados no formato de reality show, onde as equipes trabalham juntas para resolver desafios. O Beta Kit e a ARR Braços Robóticos foram convidados para um episódio gravado no espaço Mundo Maker. Os desafios foram montar um Pinball educativo feito de sucata e desenvolver propostas pedagógicas para os braços robóticos. A equipe da ARR trouxe uma expertise da engenharia e ajudou o Beta Kit a desenvolver engenhocas mais profissionais, enquanto que o Beta Kit trouxe a expertise pedagógica e ajudou a ARR a desenvolver narrativas para a aplicação dos braços robóticos no ensino fundamental. O episódio também contou com a participação do especialista Eduardo Lopes, fundador do Garagem Fab Lab. <br /><br />

Assista na íntegra aqui: http://www.futuraplay.org/video/beta-kit-e-bracos-roboticos/504721/","Conexão Maker is a TV serie from Futura Channel that addresses the universe of makerspaces, digital fabrication and do-it-yourself culture. Presented by innovation consultant Gabi Agostini, each episode features two guest projects in reality show format, where teams work together to solve challenges. Beta Kit and ARR Robotic Arms were invited to an episode recorded at Mundo Maker space. The challenges were setting up an educational pinball made of cheap materials and developing pedagogical proposals for the robotic arms. The ARR team brought an engineering expertise and helped Beta Kit develop more professional gadgets, while Beta Kit brought a pedagogical expertise and helped ARR develop narratives for the application of robotic arms in elementary school. The episode also featured the participation of expert Eduardo Lopes, founder of Garagem Fab Lab. <br /> <br />
Watch the complete episode here: http://www.futuraplay.org/video/beta-kit-e-bracos-roboticos/504721/",i/blog/conexaomaker1.jpg,i/blog/conexaomaker2.jpg,i/blog/conexaomaker3.jpg,conexaomaker
passado,2019,ago,Code Day para professores da rede pública em Manaus,Code Day for public school teachers in Manaus,"educação maker, internet das coisas, formação de professores","maker education, internet of things, teacher training","O CodeIoT é uma plataforma com cursos livres de internet das coisas (IoT), programação, eletrônica básica, robótica, etc. O projeto é uma parceria da Samsung e do Laboratório de Sistemas Integráveis (LSI-TEC) da Escola Politécnica da USP. Entre 14 e 20/08, o projeto promoveu o ""Code Day"" em Manaus. Foram 5 formações de 1 dia para um total de 342 professores da rede pública do estado do Amazonas, levando a introdução aos princípios de internet das coisas e programação física com Arduino para serem aplicados em sala de aula. Nathan Rabinovitch, fundador do Beta Kit, é um dos parceiros do Code IoT e participou como formador no projeto. Os professores desenvolveram diversos projetos mão-na-massa integrando tecnologia com sustentabilidade, ciências, história e matemática. Saiba mais sobre o CodeIoT em: http://www.codeiot.org.br","CodeIoT is a platform of free courses on Internet of things (IoT), programming, basic electronics, robotics, etc. The project is a partnership of Samsung and the Integrated Systems Laboratory (LSI-TEC) of USP Polytechnic School. Between 14 and 20/08, the project promoted the ""Code Day"" in Manaus. There were 5 one-day trainings for a total of 342 public school teachers in the state of Amazonas, leading to the introduction of IoT principles and physical programming with Arduino to be applied in the classroom. Nathan Rabinovitch, founder of Beta Kit, is a partner of Code IoT team and participated as an trainer in the project. Teachers have developed several hands-on projects integrating technology with sustainability, science, history and math. Learn more about CodeIoT at: http://www.codeiot.org.br",i/blog/codeday1.jpg,i/blog/codeday2.jpg,i/blog/codeday3.jpg,codeday
passado,2019,ago,Roda Tinkerê na Faber Castell,Tinkerê Circle at Faber Castell,"educação, criatividade, roda de conversa","education, creativity, conversation circle","O Tinkerê é uma iniciativa de um grupo de profissionais que trabalham com educação e criatividade e se uniram para explorar juntos experiências de aprendizagem baseadas no 'tinkering' - um processo de aprender com a mão na massa e brincando. Um dos membros do grupo é Nathan Rabinovitch, residente do LILO.ZONE com a iniciativa do Beta Kit. O grupo tem parceria oficial com o Tinkering Studio do Exploratorium Museum (São Francisco, Califórnia) e uma das atividades realizadas foi a tradução de tutoriais de atividades do Tinkering Studio para o português, que estão disponibilizados no site: https://www.tinkere.org.br/. <br /><br />
Na semana da Conferência Brasileira de Aprendizagem Criativa, em que convidados internacionais estiveram no Brasil, como representantes do Tinkering Studio, da Lego Foundation e do MIT Media Lab, o grupo Tinkerê organizou a Roda de conversa ""Práticas tinkering em propostas de educação mão-na-massa"" na sede da Faber Castell, apoiadora do evento, com a presença desses convidados especiais. A Roda ocorreu no dia 23/08 e teve o objetivo de discutir a importância do brincar nas práticas educacionais, contando com uma rica troca de conhecimentos sobre o assunto.  ","Tinkerê is an initiative of a group of professionals who work with education and creativity and have come together to explore tinkering-based learning experiences - a process of hands-on and playing learning. One of the group members is Nathan Rabinovitch, resident of LILO.ZONE with the Beta Kit initiative. The group has official partnership with the Exploratorium Museum's Tinkering Studio (San Francisco, California) and one of the activities was the translation of tutorials from Tinkering Studio activities to Portuguese, which are available at: https://www.tinkere.org.br/.
<br /> <br />
In the week of the Brazilian Conference on Creative Learning, in which international guests were in Brazil, as representatives of Tinkering Studio, Lego Foundation and MIT Media Lab, the Tinkerê group organized a Conversation Circle ""Tinkering Practices in Hands-on Education Proposals"" at Faber Castell, sponsor of the event, with presence of these special guests. The Circle took place on August 23 and aimed to discuss the importance of playing in educational practices, counting on a rich exchange of knowledge on the subject.",i/blog/tinkere1.jpg,i/blog/tinkere2.jpg,i/blog/tinkere3.jpg,tinkere
passado,2019,jul,FEV2018 no Data Summit,FEV2018 at Data Summit,"ciência de dados, instalação, arte","data science, installation, art","O Cappra Data Summit é um evento sobre ciência de dados que ocorreu de 13 a 20 de julho na Digital House em São Paulo. Lina Lopes foi convidada para expor uma obra sobre visualização de dados no evento, o FEV2018, projeto que realizou durante um grupo de estudos de economia circular conduzido por Anderson Penha. A fim de trazer questionamentos sobre o lixo e seus significados, Lina Lopes guardou todo o seu lixo físico durante 1 mês, como boletos, embalagens e rascunhos. Para descobrir quais palavras mais jogava no lixo, extraiu as palavras escritas através de OCR (optical character recognition). Um script generativo produziu visualizações das palavras que mais apareciam e abriu espaço para sentimentos e reflexões. Com colaboração de Lidia Ganhito e Luis Leão, o lixo foi selecionado e compactado para a construção da instalação e um Haikai foi montado com as palavras jogadas fora, utilizando Natural Process Language. Afinal, o que nossos dados não explorados podem revelar sobre nós mesmos?","Cappra Data Summit is a data science event that took place July 13-20 at the Digital House in Sao Paulo. Lina Lopes was invited to exhibit a work on data visualization at the event, FEV2018, a project she made during a circular economics study group conducted by Anderson Penha. In order to raise questions about the garbage and its meanings, Lina Lopes kept all of her physical garbage for 1 month, such as slips, packaging and drafts. To find out which words were thrown in the trash most, extracted the words written through OCR (optical character recognition). A generative script produced visualizations of the words that most appeared and made room for feelings and reflections. With the collaboration of Lidia Ganhito and Luis Leão, the garbage was selected and compacted for the construction of the installation and a Haikai was assembled with the words thrown away using Natural Process Language. After all, what can our unexploited data reveal about ourselves?",i/blog/fev2018_1.jpg,i/blog/fev2018_2.jpg,i/blog/fev2018_3.jpg,fev.2018
passado,2019,jun,Lina Lopes no FAB LAB Maceió,Lina Lopes at FAB LAB Maceió,"palestra, design, interatividade","lecture, design, interactivity","Em 17/06, Lina Lopes esteve no FAB LAB Maceió na Universidade Federal de Alagoas (UFAL) para dar a palestra ""Design e criação de projetos interativos: entre o digital e o material"". O convite veio de Ivvy Quintella, diretora do FAB LAB e professora de Fabricação Digital no curso de Engenharia Civil da UFAL. Para abordar conceitos de interação e responsividade, Lina mostrou alguns de seus projetos, como o “Labirinto de Areia” (2015) que fez parte do início de seu mestrado e o <a href=""http://www.zucchini.video/apetalforthree.html/"">""A Petal for Three"" (2018)</a>, como exemplos da relação entre arquitetura, eletrônica, computação física e interação. Além disso, por estar em um ambiente de pesquisa de novos materiais, trouxe o <a href=""http://www.biolilolab.com//"">BioLiloLab</a> para a conversa, o laboratório de biohacking do LILO.ZONE, mostrando a ideia de produzir tijolos de fungo e os primeiros testes realizados no laboratório. 
","On June 17, Lina Lopes was at the FAB LAB Maceió at the Federal University of Alagoas (UFAL) to give the lecture ""Design and creation of interactive projects: between digital and material"". The invitation came from Ivvy Quintella, director of the FAB LAB and teacher of Digital Manufacturing in the Civil Engineering course at UFAL. To address concepts of interaction and responsiveness, Lina showed some of her projects, such as the “Sand Labyrinth” (2015) that was part of the beginning of her master's degree and <a href=""http://www.zucchini.video/apetalforthree.html/"">""A Petal for Three"" (2018)</a>, as examples of the relationship between architecture, electronics, physical computing and interaction. Also, being in a research environment for new materials, she brought <a href=""http://www.biolilolab.com//"">BioLiloLab</a> to the conversation, LILO.ZONE's biohacking lab, showing the idea of producing fungus bricks and the first tests performed in the lab.",i/blog/fablabmaceio1.jpg,i/blog/fablabmaceio2.jpg,,fablabmaceio
passado,2019,jun,Investigações Pneumáticas,Pneumatic Investigations,"prototipagem, soft robotics, grupo de estudos","prototyping, soft robotics, study group","Durante 6 quartas-feiras entre maio e junho, aconteceram os encontros do grupo de estudos Investigações Pneumáticas, propondo explorações livres e experimentais no universo das estruturas pneumáticas e soft robotics. No repertório também estavam: air muscles, motores com controle de arduino, válvulas para sistemas pneumáticos e parametria para modelar em 3D. Os participantes imaginaram produzir um coração artificial que pulsa como um protótipo alvo, e para isso começaram a estudar possibilidades de tecnologias e materiais. Um dos desafios explorados foi como produzir um molde 3D parametricamente para uma peça que respondesse com movimento a partir de ar comprimido. Para isso, foram testados dois materiais candidatos a essa funcionalidade: látex e silicone. O grupo contou com a parceria da empresa 3D Criar, que forneceu a impressora 3D ZMorph para a impressão de moldes para as peças de látex e silicone. Também teve a participação e mentoria dos especialistas em silicone César Garcia e Fernando Dias. Nesses primeiros estudos, o grupo verificou que o látex apresentou características mais promissoras de elasticidade do que o silicone, necessárias para responder bem ao ar comprimido. O grupo tem a perspectiva de continuar no futuro para seguir com os estudos e colocar o protótipo em funcionamento. ","Over 6 Wednesdays between May and June, the Pneumatic Investigations study group took place, proposing free and experimental explorations in the universe of pneumatic structures and soft robotics. In the repertoire were also: air muscles, arduino-controlled engines, valves for pneumatic systems and parametrics for 3D modeling. Participants envisioned producing an artificial heart that beats as a target prototype, and began to study possibilities of technologies and materials. One of the challenges explored was how to produce a parametrically 3D mold for a part that responded with movement from compressed air. For this, two candidate materials for this functionality were tested: latex and silicone. The group was partnered by the company 3D Criar, which provided the ZMorph 3D printer for printing molds for latex and silicone parts. Also had the participation and mentoring of silicone specialists César Garcia and Fernando Dias. In these early studies, the group found that latex had more promising elasticity characteristics than silicone, needed to respond well to compressed air. The group has the prospect of continuing in the future to follow with the studies and finalize the prototype.",i/blog/pneumaticos1.jpg,i/blog/pneumaticos2.jpg,i/blog/pneumaticos3.jpg,pneumaticos
passado,2019,jun,Nana no Festival GIF - IED,Nana at GIF Festival - IED,"wearables, evento, prototipagem ","wearables, event, prototyping","No dia 15/06, o NANA, kit de wearables do LILO.ZONE, esteve presente no Festival GIF, o festival de interações, design e comunicação do Instituto Europeu de Design (IED-SP). O NANA está sendo desenvolvido no LILO.ZONE desde dezembro de 2018 por uma equipe de especialistas em design, arte e tecnologia, com a finalidade de ser um kit simples e acessível para a prototipagem em tecnologias vestíveis. A apresentação no Festival GIF foi a primeira exposição do projeto a um público geral e não especializado em Wearables. Durante o evento, Anais Karenin, artista e parceira do projeto, conduziu as demonstrações das peças desenvolvidas com o kit, como o chapéu com bluetooth, o colar com LEDs e a gola que infla, mostrando ao público um mundo de possibilidades que o kit pode oferecer. Saiba mais sobre o NANA em www.nana-kit.com. ","On June 15th, NANA, wearables kit from LILO.ZONE, was present at the GIF Festival, the European Design Institute's (IED-SP) festival of interactions, design and communication. NANA has been developed at LILO.ZONE since December 2018 by a team of design, art and technology experts to be a simple and affordable prototyping kit for wearable technologies. The presentation at the GIF Festival was the project's first exhibition to a general audience and not specialized in Wearables. During the event, Anais Karenin, artist and project partner, conducted demonstrations of the pieces developed with the kit, such as the bluetooth hat, the LED necklace and the inflating collar, showing the public a world of possibilities that the kit can offer. Learn more about NANA at www.nana-kit.com.",i/blog/nanagif1.jpg,i/blog/nanagif2.jpg,i/blog/nanagif3.jpg,nanagif
passado,2019,jun,"Painel Cidades Inteligentes - Exponential Conference 2
","Smart Cities Panel - Exponential Conference 2
","cidades inteligentes, evento, inovação","smart cities, event, innovation","A Exponential Conference é um evento que reúne uma comunidade de pessoas interessadas em inovação, tecnologia e futurismo. A segunda edição do evento ocorreu em 8 de junho e Lina Lopes foi convidada para participar do Painel Cidades Inteligentes, ao lado de Guilherme Viotti (Projeto Venus), Professor Alberti (Inatel) e mediação de Isadora Ferraz. Lina trouxe seu olhar abordando questões que vão além do foco tradicional em infraestrutura quando se fala de cidades inteligentes. Comentou sobre interações humanas, uso coletivo dos espaços e trouxe o conceito de ""smart people"" para além de ""smart cities"", trazendo provocações sobre como podemos mudar nosso olhar para propor novas relações com o espaço que ocupamos. 
","Exponential Conference is an event that brings together a community of people interested in innovation, technology and futurism. The second edition of the event took place on June 8 and Lina Lopes was invited to participate in the Smart Cities Panel, alongside Guilherme Viotti (Venus Project), Professor Alberti (Inatel) and mediation by Isadora Ferraz. Lina brought her vision to the table by addressing issues that go beyond the traditional focus on infrastructure when it comes to smart cities. She commented on human interactions, collective use of spaces and brought the concept of ""smart people"" beyond ""smart cities"", bringing provocations about how we can change our look to propose new relationships with the space we occupy.
",i/blog/expconf1.jpg,i/blog/expconf2.jpg,,expconf
passado,2019,jun,Gravação do Curso Online - Cultura Maker,Recording Online Course - Maker Culture ,"curso online, cultura maker, educação","online course, maker culture, education","A Slash Education, plataforma lifelong learning da PUCPR (Curitiba), convidou Lina Lopes para gravar um curso online denominado ""Cultura Maker: Como ser um fazedor de coisas e experiências"". O curso foi gravado em 04/06 no LILO.ZONE e traz um panorama geral para se iniciar nesse cultura, abordando temas como makerspaces, fabricação digital, prototipagem e criatividade, na visão e expertise de Lina Lopes, que atua no movimento maker há mais de 10 anos. O curso já está disponível no site da Slash Education, confira: https://slash.eadbox.com/courses/cultura-maker-como-ser-um-fazedor-de-coisas-e-experiencias","Slash Education, PUCPR's lifelong learning platform (Curitiba), invited Lina Lopes to record an online course called ""Maker Culture: How to be a maker of things and experiences"". The course was recorded on June 04 at LILO.ZONE and brings an overview to start in this culture, addressing topics such as makerspaces, digital manufacturing, prototyping and creativity, in the vision and expertise of Lina Lopes, who has been active in the maker movement for more than 10 years. The course is now available on the Slash Education website, check out: https://slash.eadbox.com/courses/cultura-maker-how-ser-a-things-and-experience",i/blog/culturamaker1.jpg,i/blog/culturamaker2.jpg,,culturamaker
passado,2019,mai,"Café Tecnológico #8 - Experimentações no Design e na Biologia
","Technological Coffee # 8 - Experiments in Design and Biology
","café tecnológico, bioarte, biohacking
","technological coffee, bioart, biohacking
","No dia 30/05, Eduardo Padilha e Lina Lopes apresentaram um Café Tecnológico para mostrar as experimentações desenvolvidas no BioLiloLab sobre bioarte. Em sua exposição, mostraram novas possibilidades que mesclam microorganismos com fabricação digital, arte urbana e pura experimentação. Trouxeram um pouco das técnicas de cultivo e manipulação de microorganismos, sua história e suas potencialidades de uso em projetos artísticos. Mostraram também um panorama sobre projetos mundiais de bioarte e biohacking, além de contar sobre o grupo de estudos Microbiologia para Artistas, que aconteceu em abril e maio no BioLiloLab. Saiba mais aqui: https://microbiologia.biolilolab.com/

","On May 30th, Eduardo Padilha and Lina Lopes presented a Technological Café to show the BioLiloLab experiments on bioart. In their exhibition, they showed new possibilities that mix microorganisms with digital fabrication, urban art and pure experimentation. They brought some of the techniques of cultivation and manipulation of microorganisms, their history and their potential for use in artistic projects. They also provided an overview of worldwide bioart and biohacking projects, as well as the Microbiology for Artists study group, which took place in April and May in BioLiloLab. Learn more here: https://microbiologia.biolilolab.com/
",i/blog/cafe8a.jpg,i/blog/cafe8b.jpg,i/blog/cafe8c.jpg,cafe8
presente,2019,mai,Future Lab - Energia,Future Lab - Energy,"prototipagem, instalação, métodos ágeis","prototyping, installation, agile methods","A convite da Votorantim, o LILO.THINK esteve presente no evento Votorantim.Hub, realizado nos dias 14 e 15 de maio no Espaço Arca, em São Paulo. O desafio era trazer possibilidades para o futuro da energia. Para isso foi montado um laboratório de prototipagem em tempo real onde 4 especialistas do futuro construíram protótipos ao longo do evento para explorar a energia em objetos cotidianos. Uma bicicleta que transforma energia do pedalar alimentando um sintetizador de som foi o primeiro protótipo, seguido de robôs que procuram a luz, um piso sensível que gera sons e uma especulação final sobre energias biológicas. Enquanto isso, 2 comunicadores apresentavam ao público os conceitos por trás da experiência e 2 artistas criavam performances utilizando os objetos. A experiência trouxe novas relações entre humanos, máquinas e ambiente, apresentando o conceito de EoT, ""energia das coisas"", em referência ao já existente IoT, ""internet das coisas"". Nesta visão, todos os objetos do nosso cotidiano podem estar conectados na rede, produzindo, armazenando ou transformando energia. O projeto foi resultado de um trabalho de intersecção entre tecnologia, arte e metodologias ágeis, propondo que times multidisciplinares podem gerar soluções criativas que vão de encontro aos desafios do futuro. Veja o vídeo: http://www.zucchini.video/futurelabenergia.html<br /><br />

Especialistas: Lina Lopes, Mau Jabur, Luis Leao e Lídia Ganhito 
Artistas: Nigel Anderson e Tatsuro Murakami
Comunicadores: Susan Moreno e Bernardo Brasil","At the invitation of Votorantim, LILO.THINK was present at the event Votorantim.Hub, held on May 14 and 15 at Espaço Arca, in São Paulo. The challenge was to bring possibilities for the future of energy. For this, a real-time prototyping laboratory was set up where 4 future specialists built prototypes throughout the event to explore energy in everyday objects. A bicycle that turns pedal power into a sound synthesizer was the first prototype, followed by robots looking for light, a sensitive floor that generates sounds and a final speculation about biological energies. Meanwhile, 2 communicators presented the concepts behind the experience to the audience and 2 artists created performances using the objects. The experience brought new relationships between humans, machines and the environment, presenting the concept of EoT, ""energy of things"", in reference to the existing IoT, ""internet of things."" In this vision, all the objects of our daily life can be connected in the network, producing, storing or transforming energy. The project was the result of a work of intersection between technology, art and agile methodologies, proposing that multidisciplinary teams can generate creative solutions that meet the challenges of the future. Watch the video: http://www.zucchini.video/futurelabenergia.html<br /><br />

Specialists: Lina Lopes, Mau Jabur, Luis Leao and Lídia Ganhito
Artists: Nigel Anderson and Tatsuro Murakami
Communicators: Susan Moreno and Bernardo Brasil",i/blog/futurelab1.jpg,i/blog/futurelab2.jpg,i/blog/futurelab3.jpg,futurelab
presente,2019,mai,Microbiologia para artistas,Microbiology for artists,"biohacking, bioarte, grupo de estudos","biohacking, bioart, study group","Entre 18 de abril e 24 de maio, foram realizados 6 encontros do grupo de estudos ""Microbiologia para Artistas"", conduzido pelo especialista Eduardo Padilha. O grupo ocupou o BioLiloLab, laboratório de biohacking do LILO.ZONE. Numa investigação para tornar o invisível visível, os participantes empreitaram uma jornada de aprendizagem na preparação de meios de cultura para bactérias e fungos, coletando microorganismos de ambientes cotidianos como o metrô e a própria mucosa bucal. Na exploração artística dessas culturas, investigaram formas de colorir, modelar e conservar as obras, além de utilizar recursos especiais como bactérias que produzem fluorescência. Estando no LILO.ZONE, não poderiam deixar de incluir a fabricação digital nesta exploração. Um meio de cultura foi gravado na cortadora a laser de modo a oferecer um molde para o crescimento de colônias. No último encontro, receberam a visita de Janaína Dernowsek e Alessandro Queiroz, da BioEdTech, que apresentaram sua bioimpressora 3D. A finalização envolveu o planejamento de formas de imprimir meios de cultura com ágar em 3D e o projeto de instalações artísticas de bioarte. Os conhecimentos produzidos serão tangibilizados em um futuro curso online na Zucchini.Video, plataforma de conteúdo maker do LILO.ZONE. Saiba mais: https://microbiologia.biolilolab.com/","Between April 18 and May 24, 6 meetings of the study group ""Microbiology for Artists"" were realized, conducted by the specialist Eduardo Padilha. The group occupied BioLiloLab, LILO.ZONE's biohacking laboratory. In an investigation to make the invisible visible, participants engaged in a learning journey in the preparation of culture media for bacteria and fungi, collecting microorganisms from everyday environments such as the subway and their own oral mucosa. In the artistic exploration of these cultures, they investigated ways of coloring, modeling and conserving the works, besides using special resources like bacteria that produce fluorescence. Being on LILO.ZONE, they could not avoid to include digital manufacturing in this exploration. A culture medium was engraved on the laser cutter to provide a template for colony growth. In the last meeting, they received the visit of Janaína Dernowsek and Alessandro Queiroz, from BioEdTech, who presented their 3D bioprinter. The finalization involved the planning of ways to print culture media with 3D agar and the design of artistic installations of bioarte. The knowledge produced will be tangibilized in an future online course on Zucchini.Video, the maker content platform of LILO.ZONE. Learn more: https://microbiologia.biolilolab.com/

",i/blog/microbio1.jpg,i/blog/microbio2.jpg,i/blog/microbio3.jpg,microbio
presente,2019,mai,Tutoriais do Nana,Nana's Tutorials,"wearables, prototipagem, educação maker","wearables, prototyping, maker education","No começo de maio, a equipe do Nana - kit de prototipagem em wearables que está sendo desenvolvido no LILO.ZONE - passou duas semanas focada em produzir e disponibilizar os tutoriais que acompanham o kit físico. Os tutoriais vão do nível iniciante ao avançado e incluem projetos como uma luva para ciclistas que ""dá seta"", um bordado sensível ao toque, um chapéu sonoro com comunicação bluetooth, etc. Os tutoriais foram desenvolvidos como aplicação metodológica dos conteúdos apresentados no livro de wearables do designer Ricardo Nascimento que está em fase final de editoração, e serão incluídos no livro. Abordam aprendizados de sistemas com sensor, processamento e atuador, além de explorações de corte a laser para wearables, comunicação sem fio, soft robotics, etc. Com o desenvolvimento dos tutoriais, a equipe percebeu que o Nana é muito mais do que um kit, é uma nova forma de pensar wearables. Com metodologia própria, o Nana pretende revolucionar a maneira como as pessoas prototipam suas ideias nesta área, permitindo criar muito mais de forma prática e divertida. Os tutoriais estão disponíveis de forma aberta no site, acesse: http://www.nana-kit.com/tutoriais","In early May, the team of Nana - a wearables prototyping kit being developed at LILO.ZONE - spent two weeks focused on producing and making available the tutorials that accompany the physical kit. The tutorials range from the beginner to the advanced level and include designs such as an ""arrow glove for cyclists"", a touch embroidery, a sound hat with bluetooth communication, etc. The tutorials were developed as a methodological application of the contents presented in the wearables book of the designer Ricardo Nascimento, which is in the final stages of publishing, and will be included in the book. They approach learning with sensor, processing and actuator systems, as well as laser cutting operations for wearables, wireless communication, soft robotics, etc. With the development of the tutorials, the team realized that Nana is much more than a kit, it is a new way of thinking wearables. With its own methodology, Nana aims to revolutionize the way people prototype their ideas in this area, allowing to create much more in a practical and fun way. The tutorials are openly available on the site: http://www.nana-kit.com/tutoriais",i/blog/tutoriais1.jpg,i/blog/tutoriais2.jpg,,tutoriais
passado,2019,abr,"Café Tecnológico #7 - Transformação digital + Blockchain
",Technological Coffee # 7 - Digital Transformation + Blockchain,"transformação digital, métodos ágeis, blockchain","digital transformation, agile methods, blockchain","No dia 25 de abril, recebemos o especialista em telecomunicações Eduardo Rabboni para uma conversa sobre transformação digital e blockchain. Eduardo trouxe a perspectiva de que a transformação digital, tão almejada atualmente pelas empresas, é muito mais sobre uma mudança de mindset do que sobre tecnologia. A proposta é que as empresas abracem formas mais fluidas de trabalho, onde os times são mais importantes do que as hierarquias.  Nas metodologias ágeis, os times são montados por projeto, conectando pessoas de departamentos diferentes conforme suas habilidades e permitindo a auto-organização e a autonomia do grupo. Essa abordagem está sendo utilizada em ambientes de inovação e é um desafio para as grandes corporações colocarem em prática, devido à sua estrutura já consolidada, mas que pode ser necessário para sua sobrevivência num mundo cada vez mais acelerado. Eduardo trouxe também sua visão de que a tecnologia Blockchain vai revolucionar ainda mais as formas de trabalho e permitir novos patamares nas relações de trabalho. 
","On April 25, we received telecommunications expert Eduardo Rabboni for a conversation about digital transformation and blockchain. Eduardo brought the perspective that the digital transformation, so much sought by companies today, is much more about a change of mindset than about technology. The proposal is for companies to embrace more fluid forms of work, where teams are more important than hierarchies. In agile methodologies, teams are assembled by project, connecting people from different departments according to their abilities and allowing self-organization and group autonomy. This approach is being used in innovation environments and is a challenge for large corporations to put into practice because of their already consolidated structure but which may be necessary for their survival in an increasingly accelerated world. Eduardo also brought his vision that Blockchain technology will further revolutionize forms of work and allow new levels of work relations.",i/blog/cafe7.jpg,,,cafe7
passado,2019,mar,"Lina Lopes no Brechas Urbanas
",Lina Lopes at Brechas Urbanas,"inovação, networking, cidades inteligentes
","innovation, networking, smart cities
","O Brechas Urbanas é um programa mensal do Itaú Cultural que reúne especialistas para discutir temas relevantes para repensar a vida nas cidades a partir de diferentes narrativas. No dia 28/03, o tema foi “As Cidades e as Tecnologias do Futuro” e Lina Lopes foi uma das convidadas para o debate, ao lado de Stella Hiroki, pesquisadora de cidades inteligentes, com mediação da empreendedora social Monique Evelle. Lina Lopes falou sobre sua trajetória com prototipagem de trabalhos de tecnologia que abordam as relações humanas no espaço urbano e trouxe provocações sobre os sistemas de aprendizado da inteligência artificial, que são em última análise determinados por humanos. O bate papo teve transmissão ao vivo na página do Facebook do Itaú Cultural, confira <a href=”https://www.facebook.com/itaucultural/videos/1515600121905346/UzpfSTEzMzY3NjQ1Nzc6MTAyMTQxNzA4MzA3NjgxOTc/?__tn__=%2CdH-R-R&eid=ARAStMaESWn0FKeIMRoVQHpBAKVpNy7UnPEQ6mAy2xlAKApfz0352cvL9r6RHxzLOAqP-S7Rzizje7Vw”>aqui.</a>
","Brechas Urbanas (“Urban Gaps”) is a monthly program of Itaú Cultural that gathers specialists to discuss relevant themes to rethink the life in the cities from different narratives. On March 28, the theme was ""The Cities and Technologies of the Future"" and Lina Lopes was one of the invited guests for the debate, along with Stella Hiroki, a smart city researcher, mediated by social entrepreneur Monique Evelle. Lina Lopes spoke about her trajectory with prototyping technology works that approach human relations in urban space and brought provocations on the systems of learning of artificial intelligence, which are ultimately determined by humans. The chat was broadcast live on the Facebook page of Itaú Cultural, check out <a href = ""https://www.facebook.com/itaucultural/videos/1515600121905346/UzpfSTEzMzY3NjQ1Nzc6MTAyMTQxNzA4MzA3NjgxOTc/?__tn__=%2CdH-R-R&eid=ARAStMaESWn0FKeIMRoVQHpBAKVpNy7UnPEQ6mAy2xlAKApfz0352cvL9r6RHxzLOAqP -S7Rzizje7Vw ""> here. </a>""",i/blog/brechas1.jpg,i/blog/brechas2.jpg,i/blog/brechas3.jpg,brechas
passado,2019,mar,"Café Tecnológico #6 - Design de Experiência + (Data Science)²
","Technological Coffee # 6 - Experimental Design + (Data Science)²
","café tecnológico, design, machine learning
","technological coffee, design, machine learning

","No dia 27/03, o consultor Julian Jordan foi nosso convidado especial para o Café Tecnológico do mês de março. Julian trouxe sua experiência em grandes empresas para discutir possibilidades na interação do mundo dos números (data analytics) com o mundo das pessoas e necessidades das empresas. Abordou como pesquisadores e designers podem usar machine learning para entender melhor os usuários, além de como explicar dados através de observação qualitativa rica e como provar hipóteses através de análise quantitativa. Com a casa cheia, houve uma rica troca de experiências através de perguntas e discussões sobre o tema. 
","On March 27, consultant Julian Jordan was our special guest for the March Technological Coffee. Julian brought his experience in large companies to discuss possibilities in the interaction of the world of numbers with the world of people and business needs. It addressed how researchers and designers can use machine learning to better understand users, as well as how to explain data through rich qualitative observation and how to prove hypotheses through quantitative analysis. With the house full, there was a rich exchange of experiences through questions and discussions on the subject.
",i/blog/cafe6a.jpg,i/blog/cafe6b.jpg,i/blog/cafe6c.jpg,cafe6
passado,2019,mar,"Workshop de Apresentações para Negócios - Chicas Poderosas
","Business Presentations Workshop - Chicas Poderosas
","curso, design, empreendedorismo
","workshop, design, entrepreneurship
","No dia 26/03, Rafael Nepô (Mee) conduziu um Workshop de Apresentações para Negócios no Centro de Referência Sebrae em Economia Criativa (Palácio Campos Elíseos). O Workshop, com duração de 1 dia, foi ministrado para as 10 equipes mentoradas do programa New Ventures Lab, uma aceleração de 20 semanas para 10 startups na área de comunicação lideradas por mulheres. O programa é uma iniciativa das Chicas Poderosas, organização que apoia mulheres empreendedoras em mídia independente na América Latina. Em janeiro as Chicas estiveram no LILO.ZONE para conhecer a casa e fazer novas conexões, onde conheceram Rafael Nepô e se interessaram por sua forma clara e envolvente de fazer apresentações. Nepô foi então convidado para conduzir o Workshop, em que deu diversas dicas de storytelling e design, ajudando a preparar as startups para o pitch final para os investidores que ocorrerá ao final do programa. Teve também a participação especial de Marcio Ballas, palhaço e apresentador especializado em improviso, que conduziu uma atividade prática para falar em público e se sentir confortável no palco. Bernardo Brasil e Lidia Ganhito, designers do Mee, também estiveram presentes para a facilitação gráfica. 
","On March 26, Rafael Nepô (Mee) conducted a Business Presentations Workshop at the Sebrae Reference Center on Creative Economics (Palácio Campos Elíseos). The 1-day workshop was delivered to the 10 mentoring teams of the New Ventures Lab program, a 20-week acceleration for 10 women-led communication startups. The program is an initiative of Chicas Poderosas, an organization that supports women entrepreneurs in independent media in Latin America. In January the Chicas went to LILO.ZONE to meet the house and make new connections, where they met Rafael Nepô and were interested in his clear and engaging way of making presentations. Nepô was then invited to conduct the Workshop, in which he gave several storytelling and design tips, helping to prepare the startups for the final pitch to investors that will occur at the end of the program. There was also the special participation of Marcio Ballas, a clown and an improvised presenter, who conducted a practical activity to speak in public and to feel comfortable on stage. Bernardo Brasil and Lidia Ganhito, Mee's designers, were also present for graphic facilitation.
",i/blog/chicas_nepo1.jpg,,,chicas2
passado,2019,mar,"Visita das professoras do SENAI
",Visit of SENAI teachers,"
wearables, visitas, educação maker
","wearables, visits, maker education 
","No dia 25/03, recebemos a visita das professoras Mônica Fallopa e Fernanda Marinho, coordenadoras dos cursos técnicos na área de têxtil e vestuário da Escola SENAI Francisco Matarazzo. Vieram conhecer o Nana, kit de prototipagem em wearables que está sendo desenvolvido no LILO.ZONE, e aproveitaram para fazer um treinamento montando um módulo de LED costurado com linha condutiva, conduzido por Lina Lopes e Anais-karenin. A visita rendeu boas conversas sobre as metodologias de ensino em wearables, trocando experiências sobre os processos do SENAI em que as aulas de wearables são obrigatórias no final do curso com as proposições didáticas do Nana, que também possui metodologias pedagógicas.  O LILO.ZONE é o espaço que torna possível 4 mulheres costurarem e conversarem à moda antiga, dentro de um projeto de tecnologia de vanguarda. ","On March 25, we received the teachers Mônica Fallopa and Fernanda Marinho, coordinators of the technical courses in the textile and clothing area of the SENAI Francisco Matarazzo School. They came to meet the Nana, a prototype kit on wearables that is being developed at LILO.ZONE, and they took the opportunity to do a training by mounting a LED module sewed with conductive line, led by Lina Lopes and Anais-karenin. The visit gave good conversations about teaching methodologies in wearables, exchanging experiences between the SENAI processes in which wearable classes are required at the end of the course with Nana's teaching propositions, which also have pedagogical methodologies. LILO.ZONE is the space that makes it possible for 4 women to sew and chat the old fashioned way, within a cutting-edge technology project.
",i/blog/senai1.jpg,i/blog/senai2.jpg,i/blog/senai3.jpg,senai1
passado,2019,mar,"Ocupação do Instituto Ayrton Senna
","Occupation by Ayrton Senna Institute
","ocupação, filmagem, letramento digital
","occupation, filming, digital literacy
","O Instituto Ayrton Senna é uma organização sem fins lucrativos que trabalha para ampliar oportunidades de crianças e jovens por meio da educação. Um dos projetos atuais é o desenvolvimento de um treinamento em letramento digital para sua comunidade de parceiros no Brasil todo. Como é um projeto muito grande, estão produzindo vídeos como parte do treinamento. Para isso, fizeram uma ocupação no dia 22/03 no LILO.ZONE, em que utilizaram o cenário da casa e do Maker Space para fazer a gravação deste material.  
","The Ayrton Senna Institute is a non-profit organization that works to expand opportunities for children and young people through education. One of the current projects is the development of digital literacy training for its partner community in Brazil. As it is a very large project, they are producing videos as part of the training. For this, they made an occupation on 03/22 in LILO.ZONE, where they used the scenery of the house and Maker Space to do the recording of this material.
",i/blog/ayrtonsenna1.jpg,i/blog/ayrtonsenna2.jpg,i/blog/ayrtonsenna3.jpg,adelmo
passado,2019,mar,"Parreira Interativa no Extra Morumbi
","Interactive Vine at Extra Morumbi
","instalação, interatividade","installation, interactivity
","Após o sucesso da Parreira de Páscoa na 12ª Campus Party, a Nestlé decidiu aplicar o projeto no Extra Morumbi, trazendo uma experiência inovadora na escolha dos Ovos de Páscoa para os clientes do supermercado. Uma segunda versão da parreira foi projetada e produzida por Mau Jabur, Lina Lopes, Pedro Febrônio e Lidia Ganhito no LILO.ZONE. A parreira tecnológica possui sensores, produz sons e movimentos conforme a aproximação dos visitantes. Movimentos de chacoalhar simulam coelhos escondidos atrás dos ovos, causando surpresa e curiosidade. Ao aproximar-se do final do caminho, o visitante entra em uma toca em que um dos ovos o escolhe, descendo da parreira e desejando “Boa Páscoa!”. A parreira foi inaugurada no dia 17/03 e funciona até a Páscoa. 
","Following the success of Easter Vine in the 12th edition of the Campus Party, Nestlé decided to apply the project at Extra Morumbi, bringing an innovative experience in choosing the Easter Eggs for the customers of the supermarket. A second version of the vine was designed and produced by Mau Jabur, Lina Lopes, Pedro Febrônio and Lidia Ganhito on LILO.ZONE. The technological vine has sensors, produces sounds and movements according to visitors oncoming. Shaking movements simulate rabbits hidden behind eggs, causing surprise and curiosity. Upon reaching the end of the path, the visitor enters a burrow where one of the eggs chooses him, going down from the vine and wishing ""Good Easter!"". The vine was opened on March 17 and runs until Easter.
",i/blog/parreira1.jpg,i/blog/parreira2.jpg,i/blog/parreira3.jpg,parreira1
passado,2019,mar,"Visita da equipe do Tim Burton
","Visit of Tim Burton's team
","instalação, visitas, cinema
","installation, visits, cinema
","Durante o mês de março, o LILO.ZONE se tornou uma fábrica de fantasia do século XIX. Espalhadas pela Salona e pelo Maker Space, diversas criações trouxeram à vida um cenário de Monstros Incompreendidos - assim foi chamada a coleção de 5 instalações produzidas aqui que serão parte da exposição sobre Tim Burton a ser realizada no CCBB Brasília entre 27/05 e 27/08. A convite do artista Rodrigo Gontijo, um dos produtores da exposição, uma equipe de artistas e tecno-bruxos da comunidade do LILO.ZONE entrou em ação para produzir uma das salas da exposição - Mau Jabur, Pedro Febrônio, Lina Lopes, Rafael Nepô, Agnaldo Pinho, Márcia Porto e Renata Torralba. As instalações abordam técnicas de pré-cinema para criar o universo de personagens ao estilo Tim Burton - espelho mágico, flipbook, lanterna mágica, praxinoscópio e teatro de sombras. No dia 15/03, duas produtoras da equipe do Tim Burton estiveram no LILO.ZONE para aprovar as instalações e claro, conhecer a casa! Jenny He e Holly Keller foram recepcionadas com uma simulação da exposição, com iluminação, trilha sonora e efeitos que criaram o clima perfeito. <br /><br />
Todo o projeto foi documentado no Mee - uma plataforma modular de organização de informação que é uma das iniciativas residentes do LILO.ZONE. Liderada por Rafael Nepô, a plataforma, ainda em desenvolvimento, tem por objetivo ajudar pessoas, equipes e empresas a organizar conteúdo de uma forma simples e com ótima navegação. Esta foi a primeira demo utilizada por uma equipe, já com estréia internacional. Foram documentadas todas as informações técnicas sobre as instalações, além de fotos, pessoas, datas, mapas, curadoria de conteúdos originais, publicações em redes sociais, etc. Tudo isso organizado em um mapa virtual online que pode ser acessado a qualquer momento por qualquer membro da equipe. 
","During the month of March, LILO.ZONE became a 19th century fantasy factory. Spreaded throughout Salona and Maker Space, several creations brought to life a scenario of Misunderstood Monsters - as was called the collection of 5 installations produced here that will be part of the exhibition on Tim Burton to be held at CCBB Brasilia between May 27 and August 27. At the invitation of the artist Rodrigo Gontijo, one of the producers of the exhibition, a team of artists and technicians from the LILO.ZONE community came into action to produce one of the exhibition rooms - Mau Jabur, Pedro Febrônio, Lina Lopes, Rafael Nepô, Agnaldo Pinho, Márcia Porto and Renata Torralba. The installations approach pre-cinema techniques to create the universe of Tim Burton-like characters - magic mirror, flipbook, magic lantern, praxinoscope and shadow theater. On March 15, two producers of the Tim Burton team came to LILO.ZONE to approve the facilities and of course, get to know the house! Jenny He and Holly Keller were greeted with an exhibition simulation, with lighting, soundtrack and effects that created the perfect mood. <br /> <br />
The entire project was documented in Mee - a modular information organization platform that is one of LILO.ZONE's resident initiatives. Led by Rafael Nepô, the platform, still in development, aims to help people, teams and companies to organize content in a simple way and with excellent navigation. This was the first demo used by a team, already with international debut. All the technical information about the facilities was documented, as well as photos, people, calendar, maps, curation of original contents, publications in social media, etc. Everything is organized into an online virtual map that can be accessed at any time by any member of the team.
",i/blog/timburton1.jpg,i/blog/timburton2.jpg,i/blog/timburton3.jpg,burton1
passado,2019,mar,Sprint Livro P.E.T,"P.E.T Book Sprint
","educação maker, zucchini press, sprint","maker education, zucchini press, sprint
","O artista sonoro Adriano Castelo Branco realizará a publicação de um livro pela Zucchini Press, a editora de conteúdo maker do LILO.ZONE. O projeto, denominado “P.E.T - Poli estruturas timbrísticas”, ressignifica as garrafas PET transformando-as em instrumentos musicais criativos e originais. Com uma proposta pedagógica na linha da educação maker, Adriano encontrou na Zucchini uma ótima oportunidade de documentar seu projeto. No dia 13/03, Adriano reuniu-se com Lina Lopes e Lidia Ganhito e juntos realizaram um sprint para elaborar a estrutura do livro, construindo um mockup que servirá de guia para a produção do livro. O lançamento está previsto para julho/2019.  
","The sound artist Adriano Castelo Branco will publish a book by Zucchini Press, the publisher of maker content of LILO.ZONE. The project, called ""P.E.T - Poly timbral structures"", resignifies PET bottles, transforming them into creative and original musical instruments. With a pedagogical proposal in the line of maker education, Adriano found in Zucchini a great opportunity to document his project. On March 13, Adriano met with Lina Lopes and Lidia Ganhito and together they made a sprint to elaborate the structure of the book, constructing a mockup that will guide the production of the book. The launch is scheduled for July / 2019.
",i/blog/pet1.jpg,i/blog/pet2.jpg,i/blog/pet3.jpg,pet1
passado,2019,fev,"Café Tecnológico #5 - Visual Merchandising e Computação Física

",Technological Coffee # 5 - Visual Merchandising and Physical Computing,"café tecnológico, design, interatividade","technological coffee, design, interactivity","Em 28/02 realizamos o Café “VISUAL MERCHANDISING E COMPUTAÇÃO FÍSICA”, trazendo 3 especialistas para discutir o encontro entre o mundo inanimado das vitrinas, manequins, acessórios e cenografia com o mundo das novas possibilidades sensoriais da tecnologia. Foram abordados aspectos de comportamento e como a computação física pode trazer uma dimensão interativa inovadora a este universo, provocando experiências mais imersivas e sedutoras para os clientes.<br /><br />

Convidados: Juliemy Machado é diretora do studio de design VMSP e expert em visual merchandising, aplicando fundamentos estratégicos de vendas e marketing atreladas ao sensorial em seus projetos. O @Vitrinismo fala sobre assuntos inspiracionais e controversos para comunidade de visual merchandising que despertam a reflexão entre profissionais e empresários do varejo. Mau Jabur é especialista em computação física e atua como consultor de interatividade e desenvolvimento de instalações artísticas, expográficas e produtos com automação.
","On February 28th we held the Technological Coffee ""VISUAL MERCHANDISING AND PHYSICAL COMPUTATION"", bringing 3 specialists to discuss the meeting between the inanimate world of showcases, mannequins, accessories and scenography with the world of new sensory possibilities of technology. Behavioral aspects have been addressed and how physical computing can bring an innovative interactive dimension to this universe, provoking more immersive and seductive experiences for clients. <br /> <br />

Guests: Juliemy Machado is the director of the VMSP design studio and expert in visual merchandising, applying strategic sales and marketing fundamentals linked to the sensorial in her projects. @Vitrinismo talks about inspirational and controversial issues for a community of visual merchandising that awakens reflection among professionals and retail entrepreneurs. Mau Jabur specializes in physical computing and acts as a consultant for interactivity and development of artistic,expographical installations and products with automation.
",i/blog/cafe5a.jpg,,,cafe5
passado,2019,fev,Nathan Rabinovitch na 12ª Campus Party,Nathan Rabinovitch at the 12th Campus Party,"educação maker, letramento digital, programação","maker education, digital literacy, coding","Nathan Rabinovitch, a frente do Beta kit, estrelou no palco “Educação do Futuro” da 12ª Campus Party com a palestra “BETA KIT: APRENDIZAGEM CRIATIVA + EDUCAÇÃO MAKER DENTRO DA SALA DE AULA” onde mostrou as possibilidades do aprendizado de letramento digital nas escolas com projetos criativos que interagem objetos do dia-a-dia com motores, sensores, LEDs, etc usando Arduino.

A convite da Rede Fab Lab Brasil, ministrou também a oficina “COMO APRENDER PROGRAMAÇÃO SEM USAR NENHUM COMPUTADOR”, onde os participantes, incluindo professores e estudantes, puderam aprender a lógica de programação usando blocos físicos que imitam um programa de computador, baseados na linguagem Scratch.","Nathan Rabinovitch,  Beta Kit founder, starred on the ""Education of the Future"" stage of the 12th Campus Party with the lecture ""BETA KIT: CREATIVE LEARNING + MAKER EDUCATION WITHIN THE CLASSROOM"" where he showed the possibilities of digital literacy learning in schools with creative designs that interact day-to-day objects with engines, sensors, LEDs, etc, using Arduino.

At the invitation of Fab Lab Brasil Network, he also gave a workshop on ""HOW TO LEARN PROGRAMMING WITHOUT USING ANY COMPUTER"", where participants, including professors and students, were able to learn programming logic using physical blocks that mimic a computer program based on Scratch language.",i/blog/campusparty1.jpg,i/blog/campusparty2.jpg,,campusparty3
passado,2019,fev,Mau Maker na 12ª Campus Party,Mau Maker at the 12th Campus Party,"eletrônica, fabricação digital, educação maker","electronics, digital fabrication, maker education","A Mau Maker desenvolveu atividades práticas em dois espaços da 12ª Campus Party. A “HACKDANCE” foi uma oficina realizada por Mau Jabur a pedido da Mamute Eletrônica no Espaço do Centro Paula Souza, onde alunos hackearam um tapete de Dance Dance e conectaram a lâmpadas de LED para criar uma competição entre dançarinos em que os passos de dança acendiam lâmpadas coloridas.

Já no espaço da Rede Fab Lab Brasil, foi realizada a oficina “MÁQUINA DE BOLINHAS” onde os participantes montaram um brinquedo mecânico interativo feito com peças cortadas a laser, abordando conceitos de fabricação digital, cultura maker e lógica de máquinas simples. A oficina foi conduzida por Evandro Peixoto, Rafael Nepô, Sandra Pethö, Jean Fontes e Guilherme Azzi. ","Mau Maker has developed hands-on activities in two spaces of the 12th Campus Party. ""HACKDANCE"" was a workshop held by Mau Jabur at the request of the Mamute Electrônica in the Paula Souza Center Space, where students hacked a Dance Dance mat and connected the LED bulbs to create a competition between dancers in which the dance steps lit up colored lamps.

In the space of the Fab Lab Brasil Network, the ""MARBLE MACHINE"" workshop was held where the participants assembled an interactive mechanical toy made with laser cut pieces, addressing concepts of digital fabrication, maker culture and logic of simple machines. The workshop was led by Evandro Peixoto, Rafael Nepô, Sandra Pethö, Jean Fontes and Guilherme Azzi.",i/blog/campusparty3.jpg,i/blog/campusparty4.jpg,,campusparty2
passado,2019,fev,Lina Lopes e Mau Jabur na 12ª Campus Party,Lina Lopes and Mau Jabur at the 12th Campus Party,"instalação, interatividade, wearables","installation, interactivity, wearables","A convite da Nestlé, Mau Jabur e Lina Lopes desenvolveram para a 12ª Campus Party a “PARREIRA INTERATIVA”, uma instalação para trazer possibilidades para o futuro da Páscoa. A parreira tangibilizou uma proposta conceitual de atravessar multiversos, em que 180 ovos de Páscoa se movimentavam de forma ondular conforme as pessoas caminhavam por baixo deles.<br /><br />

O projeto nasceu no We Fab em 2018, onde alunos da FGV realizaram ideação e protótipo com mentoria de Mau Jabur. A prototipagem e execução da estrutura cinética foi realizada no LILO.ZONE por Mau e Lina, que fizeram diversos estudos de mecanismos até desenvolver a versão final com carretéis de linha e sensores de piso. <br /><br />
 
A Rede Fab Lab Brasil promoveu um encerramento no Palco Makers para discutir sobre a plataforma internacional Academany, desenvolvida para oferecer educação mão-na-massa através de grupos, com instrutores globais, conteúdo compartilhado e mentores locais. Lina Lopes foi convidada para falar sobre o FABRIACADEMY, um programa transdisciplinar com o objetivo de desenvolver soluções para a indústria têxtil, unindo vestuário, wearables, biologia e fabricação digital.
","At the invitation of Nestlé, Mau Jabur and Lina Lopes developed for the 12th Campus Party the ""INTERACTIVE VINE"", an installation to bring possibilities for the future of Easter. The vine tangibilized a conceptual proposal to cross multiverses, in which 180 easter eggs moved in a wavy way as people walked beneath them.

The project was born in We Fab in 2018, where FGV students carried out ideation and prototype with mentorship of Mau Jabur. The prototyping and execution of the kinetic structure was performed in LILO.ZONE by Mau and Lina, who made several studies of mechanisms until developing the final version with line spools and floor sensors.
 
The Fab Lab Brasil Network has closed the Makers Stage to discuss the international Academany platform, designed to provide hands-on education through groups, with global instructors, shared content, and local mentors. Lina Lopes was invited to talk about FABRIACADEMY, a transdisciplinary program aimed at developing solutions for the textile industry, combining clothing, wearables, biology and digital fabrication.
","
i/blog/campusparty5.jpg","
i/blog/campusparty6.jpg","
i/blog/campusparty7.jpg",campusparty1
passado,2019,jan,Visita dos franceses do Maker Tour,Visit of the French from Maker Tour,"visitas, networking, colaboração","visits, networking, collaboration","Em 23 e 24/01, recebemos a visita dos franceses Vianney Graffan e Léna Kernoa do MAKER TOUR, que estão viajando o mundo para mapear espaços makers e conectar pessoas. O LILO.ZONE foi escolhido entre 5 espaços visitados no Brasil, ao lado do Insper FabLab (SP), We Fab (SP), Olabi (RJ) e ISVOR FabLab (MG).

Os franceses passaram 2 dias no LILO.ZONE para viver uma experiência de acompanhar a dinâmica da casa e entender como as coisas funcionam por aqui, para depois compartilhar com o mundo! Foi muito bom recebê-los!
","On January 23 and 24, we were visited by the french Vianney Graffan and Léna Kernoa of the MAKER TOUR, who are traveling the world to map maker spaces and connect people. LILO.ZONE was chosen from 5 spaces visited in Brazil, along with Insper FabLab (SP), We Fab (SP), Olabi (RJ) and ISVOR FabLab (MG).

The french spent 2 days at LILO.ZONE to live an experience of following the dynamics of the house and understand how things work here, and then share with the world! It was a pleasure to receive them!
","
i/blog/makertour.jpg","
i/blog/makertour2.jpg",,makertour1
passado,2019,jan,Visita das Chicas Poderosas,Visit of Chicas Poderosas,"visitas, networking, empreendedorismo","visits, networking, entrepreneurship","Em 18/01 recebemos o happy hour de networking das CHICAS PODEROSAS, organização que apoia mulheres empreendedoras em mídia independente na América Latina. O evento foi a finalização de um processo de 5 dias de imersão em como transformar ideias em negócios.

A proposta foi de conhecer a casa e interagir com a comunidade e com os projetos, como a Zucchini Press, a editora maker que nasceu dentro do LILO.ZONE tem tudo a ver com as Chicas! Esperamos que novas parcerias possam surgir desta conexão!
","
On January 18, we received the networking session of CHICAS PODEROSAS, an organization that supports women entrepreneurs in independent media in Latin America. The event was the completion of a 5 day process of immersion in how to turn ideas into business.

The proposal was to get to know the house and interact with the community and the projects, like Zucchini Press, the maker content publisher who was born inside LILO.ZONE and has everything to do with CHICAS! We hope that new partnerships can arise from this connection!
","
i/blog/chicas.png",,,chicas1
passado,2019,jan,Sprint do Nana,Nana Sprint,"wearables, prototipagem, educação maker","wearables, prototyping, maker education","O Nana, kit inédito de wearables que está sendo desenvolvido no LILO.ZONE, contou com um sprint realizado em 07/01 com o objetivo de desenvolver uma metodologia criativa para instigar os usuários a criarem peças inovadoras e que saiam do senso comum. Foram convidados Tiago Eugênio (especialista em educação/gamificação), Gabriela D’Água(ilustradora) e Lidia Ganhito (diretora de projetos visuais) que juntos com Lina Lopes e Mau Jabur desenvolveram um jogo de cartas e um tabuleiro. 
O modelo “Print and Play” do tabuleiro permite que qualquer pessoa em qualquer lugar do mundo possa baixar e imprimir para utilizar em seus projetos. As cartas de ideação permitem elaborar uma proposta de wearables para um personagem (como um cacto, um poodle ou um palhaço) com características de personalidade, partes do corpo e outras informações combinadas. Já as cartas de referência apresentam os materiais e métodos do universo tecnológico dos wearables possíveis de serem utilizados para tangibilizar a ideação.
O projeto está sendo desenvolvido em parceria com o consultor Ricardo O'Nascimento que lançará em breve um livro sobre wearables pela editora Senac. Atualmente o kit está sendo escalado para um primeiro lote piloto e a primeira oficina já está marcada para 22/03 no Sesc Catanduva.
","Nana, an unprecedented kit of wearables being developed at LILO.ZONE, featured a sprint on January 7 with the goal of developing a creative methodology to instigate users to create innovative and out of common sense pieces. The guests were Tiago Eugênio (education / gamification specialist), Gabriela D'Água (illustrator), Lidia Ganhito (director of visual projects), who together with Lina Lopes and Mau Jabur developed a card game and a board.
The ""Print and Play"" board template allows anyone anywhere in the world to download and print for use in their projects. The ideation cards allow you to make a proposal for wearables for a character (such as a cactus, a poodle or a clown) with personality characteristics, body parts and other information combined. The reference cards presents the materials and methods of the technological universe of wearables that can be used to make the idealization tangible.
The project is being developed in partnership with the consultant Ricardo O'Nascimento who will soon launch a book on wearables by the Senac publisher. Currently the kit is being scaled for a first pilot batch and the first workshop is already scheduled for March 22 at Sesc Catanduva.
","
i/blog/nana2a.jpg","
i/blog/nana2b.jpg",,nana2
passado,2018-2019,dez,Nana - um kit de wearables inédito!,Nana - an unprecedented wearables kit!,"wearables, prototipagem, educação maker","wearables, prototyping, maker education","O Nana é um kit de wearables desenvolvido para iniciantes experimentarem no universo das tecnologias vestíveis sem a necessidade de conhecimento prévio em costura ou eletrônica. O kit conta com componentes que permitem brincar com luzes, sons, vibração e sensores através das roupas. Além disso, possui uma metodologia educativa, contando com tabuleiro e cartas que levam a um processo de ideação criativa para resolver um problema. O projeto surgiu quando o designer Ricardo O'Nascimento, convidado pela editora Senac para lançar um livro sobre moda e tecnologia, procurou o LILO.ZONE para explorar um kit nos tutoriais que está desenvolvendo para o livro. A parceria levou a um dia de Design Sprint com Lina Lopes (LILO.THINK), Rita Wu (Rede Fab Lab Livre SP), Mauricio Jabur (Mau Maker) e a designer colombiana Maria Paulina Gutiérrez. A equipe desenvolveu em dezembro de 2018 o protótipo que utiliza peças modulares ligadas por linhas condutivas que podem ser afixadas nas roupas de forma prática e versátil. Atualmente, o kit está sendo escalado para um primeiro lote piloto de 500 unidades. A primeira oficina já está marcada para 22/03 no Sesc Catanduva. Confira o site: http://www.nana-kit.com/","Nana is a wearables kit designed for beginners to experiment in the universe of wearable technologies without the need for prior knowledge in sewing or electronics. The kit has components that allow you to play with lights, sounds, vibration and sensors through the clothes. In addition, it has an educational methodology, with board and cards that lead to a process of creative ideation to solve a problem. The project came when designer Ricardo O'Nascimento, invited by the publisher Senac to launch a book on fashion and technology, sought out LILO.ZONE to explore a kit in the tutorials he is developing for the book. The partnership led to a Sprint Design day with Lina Lopes (LILO.THINK), Rita Wu (Rede Fab Lab Livre SP), Mauricio Jabur (Mau Maker) and colombian designer Maria Paulina Gutiérrez. The team developed in December 2018 the prototype that uses modular parts connected by conductive lines that can be affixed to the clothes in a practical and versatile way. Currently, the kit is being scaled to a first pilot batch of 500 units. The first workshop is already scheduled for March 22 at Sesc Catanduva. Check out the website: http://www.nana-kit.com/",i/blog/nana1a.jpg,i/blog/nana1b.jpg,i/blog/nana1c.jpg,nana1
passado,2019,jan,Café Tecnológico #4 - Políticas Públicas para a Inovação,Technological Coffee # 4 - Public Policies for Innovation,"café tecnológico, inovação, políticas públicas","technological coffee, innovation, public policies","Transformar ideias em novos produtos ou serviços geralmente requer etapas sistemáticas em um processo de inovação. As políticas convencionais de promoção da inovação vinculam empresas, institutos científicos, investidores e formuladores de políticas e buscam acompanhar os avanços nas tecnologias mais promissoras. Mas a inovação também ocorre abaixo do radar dos sistemas nacionais e regionais de inovação, feita de forma independente por makers, hackers, universitários, startups, etc. Nesse cenário o iHUB, espaço de inovação localizado no Parque Tecnológico da UFRJ, surge com uma proposta adaptada à demanda local na promoção de caminhos alternativos na inovação mas que se projeta e interage com os meios convencionais e institucionalizados. Nesta conversa, Guilherme Monteiro contou sua experiência com o desenvolvimento do iHUB para discutir mecanismos de apoio à inovação de baixo para cima.","Transforming ideas into new products or services often requires systematic steps in an innovation process. Conventional innovation promotion policies bind companies, scientific institutes, investors and policy makers and seek to keep pace with advances in the most promising technologies. But innovation also occurs below the radar of national and regional innovation systems, made independently by makers, hackers, college students, startups, etc. In this scenario, the iHUB, an innovation space located in the UFRJ Technological Park, emerges with a proposal adapted to the local demand in the promotion of alternative paths in innovation, but which projects and interacts with conventional and institutionalized means. In this conversation, Guilherme Monteiro shared his experience with the development of the iHUB to discuss mechanisms to support innovation from the bottom up.",i/blog/cafe4a.jpg,i/blog/cafe4b.jpg,i/blog/cafe4c.jpg,cafe4
passado,2018,dez,Brain Machine Cave no Wired Festival,Brain Machine Cave at Wired Festival,"instalação, interatividade, neurociência","installation, interactivity, neuroscience","""O futuro do homem e o homem do futuro"" foi o tema do Wired Festival - um grande festival de inovação que aconteceu no Rio de Janeiro nos dias 31/11 e 01/12. E a Mau Maker esteve presente, para provocar novas possibilidades de interação entre tecnologia e cérebro.A instalação Brain Machine Cave trabalha com estímulos visuais e sonoros para induzir ondas cerebrais e levar os participantes a novos estados mentais: de meditação à alucinações coloridas! O charmoso container da instalação chamou a atenção e fez sucesso no festival! 
","""The Future of Man and the Man of the Future"" was the theme of the Wired Festival - a major innovation festival that took place in Rio de Janeiro on November 31 and December 1st. Mau Maker was present to bring about new possibilities for interaction between technology and brain. The installation Brain Machine Cave works with visual and sound stimuli to induce brain waves and lead participants to new mental states: from meditation to colorful hallucinations! The charming container of the installation caught the attention and made it successful in the festival!",i/blog/wired1a.jpg,i/blog/wired1b.jpg,i/blog/wired1c.jpg,wired1
passado,2018,dez,Alvorada Filmes - Novos residentes do LILO.ZONE,Alvorada Filmes - New residents of LILO.ZONE,"iniciativa, produção de vídeo, boas vindas","initiative, video production, welcome","Queremos dar boas vindas pra Alvorada Filmes, nova empresa residente da casa! A Alvorada é especializada na produção de vídeos, animações e documentários. Produz vídeos para empresas e instituições e também trabalhos autorais. Um dos destaques é o documentário “Minas do Futebol” (2017), que conta a história de sucesso de um grupo de meninas jogadoras do Centro Olímpico de São Paulo. A equipe, composta por 4 pessoas, se interessou pelo LILO.ZONE pelo clima imersivo de inovação, colaboração e crescimento mútuo. Querem estar num ambiente dinâmico e explorar novas conexões com a comunidade da casa!","We want to welcome Alvorada Filmes, a new resident company of the house! Alvorada specializes in the production of videos, animations and documentaries. Produces videos for companies and institutions as well as copyright works. One of the highlights is the documentary ""Minas do Futebol"" (2017), which tells the success story of a group of female teenager soccer players at the Olympic Center in São Paulo. The team, made up of 4 people, took an interest in LILO.ZONE because of the immersive climate of innovation, collaboration and mutual growth. They want to be in a dynamic environment and explore new connections with the home community!",i/blog/alvorada1a.jpg,i/blog/alvorada1b.jpg,i/blog/alvorada1c.jpg,alvorada1
passado,2018,nov,A Petal for Three - Escultura cinética interativa,A Petal for Three - Interactive Kinetic Sculpture,"arte, interatividade, prototipagem","art, interactivity, prototyping","Entre novembro e dezembro de 2018, a empresa <a href=""https://www.spacesandcreatures.com/"">Spaces&Creatures</a> ocupou o LILO.ZONE por duas semanas para desenvolver uma escultura cinética encomendada pela Google para o evento YouTube Insights 2018, realizado no dia 11/12. A Spaces&Creatures é especializada em ajudar artistas e criadores a fazer obras de arte com tecnologia. Esta obra, denominada A Petal for Three, é de autoria do artista Edson Pavoni, com colaboração de Lina Lopes no design e montagem do mecanismo cinético. A escultura conta com 78 peças triangulares móveis que formam uma criatura de espelhos que se move e interage com o público conforme percebe aproximações através de sensores. Para seu funcionamento foram necessários 234 carretéis e 12 motores - uma construção complexa que exigiu muito planejamento e muitos testes. A equipe trabalhou incansavelmente no desenvolvimento de diversas maquetes para alcançar os resultados de movimento e velocidade desejados, produzindo as peças na cortadora a laser e instalando os protótipos em diversas partes da casa. Foi muito divertido recebê-los por aqui!","Between November and December 2018, Spaces & Creatures occupied LILO.ZONE for two weeks to develop a kinetic sculpture commissioned by Google for the event YouTube Insights 2018, held on December 11. Spaces & Creatures specializes in helping artists and creators make works of art with technology. This work, called A Petal for Three, is authored by the artist Edson Pavoni, with collaboration of Lina Lopes in the design and assembly of the kinetic mechanism. The sculpture has 78 triangular pieces of furniture that form a mirror creature that moves and interacts with the audience as it perceives approximations through sensors. For its operation it took 234 reels and 12 engines - a complex construction that required a lot of planning and many tests. The team worked tirelessly on the development of various mock-ups to achieve the desired motion and speed results, producing the parts in the laser cutter and installing the prototypes in various parts of the house. It was so much fun to see them here!",i/blog/petal1a.jpg,i/blog/petal1b.jpg,i/blog/petal1c.jpg,petal1
passado,2018,nov,Curso Completo de Videomapping,Videomapping Complete Course,"curso, videomapping, projeção","course, videomapping, projection","A projeção mapeada (VideoMapping) é uma técnica que permite projetar imagens, vídeos e animações sobre relevos e superfícies pouco convencionais de modo a salientar determinadas características do espaço. Pode ser utilizada em fachadas de edifícios, ambientes internos, cenografias de eventos, teatros e instalações em geral. O workshop abordou todas as etapas e medidas necessárias para a criação e execução de um projeto em videomapping. O foco foi bastante técnico e abordou temas como resolução, lentes e tecnologias de projetores, softwares e servidores. Ao final, os participantes fizeram uma projeção mapeada num prédio em construção vizinho ao LILO.ZONE. ","VideoMapping is a technique that allows to project images, videos and animations onto unusual shapes and surfaces in order to emphasize certain characteristics of the space. It can be used on facades of buildings, indoor environments, set designs, theaters and general facilities. The workshop covered all the steps and measures necessary for the creation and execution of a videomapping project. The focus was very technical and addressed topics such as resolution, lenses and technologies of projectors, software and servers. At the end, the participants made a projection mapped on a building under construction near LILO.ZONE.",i/blog/mapping1a.jpg,i/blog/mapping1b.jpg,i/blog/mapping1c.jpg,mapping1
passado,2018,out,Café Tecnológico #3 - Ars Superstare: Tecnologia e Superstição,Technological Coffee # 3 - Ars Superstare: Technology and Superstition,"café tecnológico, instalação, virtualidade","technological coffee, installation, virtuality","No dia 31/10 recebemos um Café Tecnológico de Halloween conduzido pelos designers Bernardo Brasil e Gustavo Virgílio. Eles trouxeram uma instalação interativa especial com o objetivo de proporcionar e discutir uma vivência supersticiosa na nossa relação com a tecnologia. “Ars superstare” é um sistema que opera através da união de sigilos – símbolos de ação mágica, com aparatos eletrônicos modernos e obsoletos, em uma abordagem de fascínio divino pela tecnologia. O método apresenta uma proposição de interação mais orgânica entre homem e máquina, em que através da relação entre processos orgânicos e digitais podemos tentar sobreviver (super-stare) às ameaças ocultas do mundo virtual.","On October 31st, we received a Halloween Technological Coffee hosted by designers Bernardo Brasil and Gustavo Virgílio. They brought a special interactive installation with the goal of providing and discussing a superstitious experience in our relationship with technology. ""Ars superstare"" is a system that operates through the union of sigils - symbols of magic action, with modern and obsolete electronic gadgets, in an approach of divine fascination with technology. The method presents a proposition of more organic interaction between man and machine, in which through the relationship between organic and digital processes we can try to survive (super-stare) the hidden threats of the virtual world.",i/blog/cafe3a.jpg,i/blog/cafe3b.jpg,i/blog/cafe3c.jpg,cafe3
passado,2018,out,Lina Lopes na São Paulo Fashion Week,Lina Lopes at Sao Paulo Fashion Week,"instalação, interatividade, wearables","installation, interactivity, wearables","Lina Lopes (Lilo.Think) esteve presente no Projeto Estufa, iniciativa sobre economia criativa dentro do São Paulo Fashion Week (SPFW), levando uma instalação interativa e apresentando um talk na tarde do dia 24. A instalação Cellular Installation levou beleza e inventividade ao SPFW, com circuitos eletrônicos integrados a peças de feltro, botões de pressão e linha condutiva. Ao tocar nos bordados, luzes de led se propagam pela obra. Lina apresentou também o talk “O CORPO EXPANDIDO : Experiências em vestíveis inteligentes e biomateriais” em que trouxe sua trajetória no mundo dos wearables e dos projetos colaborativos.","Lina Lopes (Lilo.Think) was present at Estufa Project, an initiative on creative economy within São Paulo Fashion Week (SPFW), taking an interactive installation and presenting a talk on the afternoon of the 24th. The ""Cellular Installation"" took beauty and inventiveness to the SPFW, with integrated electronic circuits to felt pieces, push buttons and conductive line. When touching the embroideries, led lights propagate through the work. Lina also presented the talk ""THE BODY EXPANDED: Experiments in intelligent wearables and biomaterials"" in which she brought her trajectory in the world of wearables and collaborative projects.",i/blog/spfw1a.jpg,i/blog/spfw1b.jpg,i/blog/spfw1c.jpg,spfw1
passado,2018,out,Mau Jabur na São Paulo Fashion Week,Mau Jabur at Sao Paulo Fashion Week,"instalação, interatividade, neurociência","installation, interactivity, neuroscience","Mau Jabur, à frente da Mau Maker, aguçou o mundo dos sentidos dos participantes da SPFW com a Brain Machine Cave, uma instalação que utiliza estímulos visuais e sonoros para induzir ondas cerebrais e gerar estados mentais meditativos.

Na tarde do dia 24, conduziu o Lab Brain Machine onde os participantes puderam construir óculos com componentes eletrônicos que produzem o mesmo efeito. No dia 25, a Brain Machine Cave recebeu a visita dos estudantes do CEU Jaguaré, parceria da Prefeitura de São Paulo + SPFW.","Mau Jabur (Mau Maker) sharpened the sensory world of SPFW participants with the Brain Machine Cave, a facility that uses visual and sound stimuli to induce brain waves and generate meditative mental states.

On the afternoon of the 24th, he led the Brain Machine Workshop where participants could construct eyewear with electronic components that produce the same effect. On the 25th, the Brain Machine Cave was visited by students from CEU Jaguaré, a partnership of São Paulo City Hall + SPFW.
",i/blog/spfw2a.jpg,i/blog/spfw2b.jpg,i/blog/spfw2c.jpg,spfw2
passado,2018,out,Encontro de Aprendizagem Criativa,Creative Learning Meetup,"educação maker, criatividade, colaboração","maker education, creativity, collaboration","A Rede Brasileira de Aprendizagem Criativa é uma organização que une educadores, artistas, pais, empreendedores e interessados em geral na busca de soluções educacionais mais mão-na-massa, criativas e interessantes. No dia 16 recebemos um meetup da Rede para conhecer o beta kit e criar projetos interativos. Foi uma noite cheia de diversão e projetos incríveis misturando programação, sucata e artes!","The Brazilian Network of Creative Learning (Rede Brasileira de Aprendizagem Criativa) is an organization that unites educators, artists, parents, entrepreneurs and interested in general in the search for more creative, interesting and creative hands-on educational solutions. On the 16th we received a Network Meetup to learn about the Beta kit and create interactive projects. It was a night full of fun and incredible projects mixing programming, scrap and art!",i/blog/encontro1a.jpg,i/blog/encontro1b.jpg,i/blog/encontro1c.jpg,encontro1b
passado,2018,set,"Café Tecnológico #2 - Blockchain: Passado, Presente e Futuro","Technological Coffee # 2 - Blockchain: Past, Present and Future","café tecnológico, blockchain, bitcoin","technological coffee, blockchain, bitcoin","Em 26/09 o Café Tecnológico trouxe Ricardo Macedo com um panorama sobre a tecnologia Blockchain: origens, características e perspectivas na descentralização de serviços do dia a dia, indo além das criptomoedas. Ricardo é cientista da computação, pesquisa blockchain desde 2013 e trabalha na bXchain, uma empresa voltada a blockchain e criptomoedas. ","On September 26 the Technological Coffee broughts Ricardo Macedo with a panorama about Blockchain technology: origins, features and perspectives in the decentralization of daily services, going beyond the crypto-coins. Ricardo is a research scientist, researches blockchain since 2013 and works at bXchain, a company focused on blockchain and crypto-coins.
",i/blog/blockchain1.jpg,,,blockchain1
passado,2018,set,Curso Modelagem Paramétrica e Fabricação Digital com Grasshopper,Parametric Modeling and Digital Fabrication with Grasshopper Course,"curso, fabricação digital, grasshopper","course, digital fabrication, grasshopper","Renata Portelada, arquiteta fundadora do LAS (Laboratory for Architectural Singularity) deu sua última edição do curso de Grasshopper entre 24 e 29/09, antes de mudar-se do país. Além das diretrizes básicas de modelagem paramétrica, os alunos tiveram a oportunidade de desenvolver e fabricar em escala um protótipo de própria autoria com corte a laser ou impressão 3D.","Renata Portelada, founder architect of LAS (Laboratory for Architectural Singularity) gave her last edition of the Grasshopper course between September 24 and 29, before moving out of the country. In addition to the basic guidelines for parametric modeling, students had the opportunity to develop and scale-up a prototype of their own with laser cutting or 3D printing.
",i/blog/grasshopper1a.jpg,,,grasshopper1
passado,2018,ago,Café Tecnológico #1 - O incrível mundo da luz e da cor,Technological Coffee # 1 - The incredible world of light and color,"café tecnológico, ciência, luz","technological coffee, science, light","Em 29/08 realizamos o primeiro Café Tecnológico da nova temporada do LILO.ZONE. O encontro, com Victor Farinella, pós graduando em Química na USP, se propôs a responder de maneira não formal a natureza de alguns fenômenos interessantes da natureza e do dia-a-dia, como por exemplo: como funciona um letreiro neon? como um sapo e um cogumelo podem brilhar no escuro? por que as folhas das plantas são verdes? Victor também fez algumas demonstrações práticas mostrando fenômenos de fluorescência e apresentando ao público o espectrofotômetro do BioLiloLab. ","On August 29th, we held the first Technological Coffee of the new season of LILO.ZONE. The meeting, with Victor Farinella, postgraduate in Chemistry at USP, proposed to answer in a non-formal way the nature of some interesting phenomena of nature and day to day, such as: how does a neon sign works? how can a frog and a mushroom shine in the dark? why are the leaves of plants green? Victor also did some practical demonstrations showing fluorescence phenomena and presenting the BioLiloLab spectrophotometer to the public.",i/blog/cafe1b.jpg,i/blog/cafe1a.png,i/blog/cafe1c.jpg,cafe1
passado,2018,ago,Abertura Biolilolab,Biolilolab Opening,"abertura, biohacking, ciência","opening, biohacking, science","O BioLiloLab é um laboratório autônomo guiado pelo experimento, com projetos de prototipagem e desprototipagem em biomateriais. O objetivo é promover o encontro entre pessoas e projetos em ciência experimental com foco em biomateriais, biohacking, open hardware e claro, bioarte. No dia 22/08 realizamos uma abertura ao público, que pôde prestigiar o espaço e conhecer os projetos e perspectivas. http://www.biolilolab.com/","BioLiloLab is an autonomous laboratory guided by the experiment, with prototyping and deprototyping projects in biomaterials. The objective is to promote the meeting between people and projects in experimental science focusing on biomaterials, biohacking, open hardware and of course, bioart. On August 22, we held an opening to the public, who was able to appreciate the space and know the projects and perspectives. http://www.biolilolab.com/",i/blog/abertura2a.jpg,i/blog/abertura2b.jpg,i/blog/abertura2c.jpg,abertura2
passado,2018,ago,Abertura Maker Space + Wearables Lab,Maker Space + Wearables Lab Opening,"abertura, fabricação digital, wearables","opening, digital fabrication, wearables","Após 5 meses de preparação e reformas no novo espaço, declaramos oficialmente inaugurado nosso Maker Space + Wearables Lab, um espaço para muita mão na massa, criatividade e conexões! Com infraestrutura completa de fabricação digital, o espaço conta com impressoras 3D, cortadoras a laser, fresadora CNC, máquina de costura, etc. A abertura foi realizada em 08/08 e contou com dezenas de visitantes que vieram prestigiar o novo espaço! Um brinde entre os empreendedores residentes marcou este momento tão especial. ","After 5 months of preparation and renovations in the new space, we officially declare open our Maker Space + Wearables Lab, a space for lots of hands-on work, creativity and connections! With complete infrastructure for digital fabrication, the space owns 3D printers, laser cutters, CNC milling machine, sewing machine, etc. The opening was held on August 08 and counted on dozens of visitors who came to appreciate the new space! A toast among resident entrepreneurs marked this special moment.
",i/blog/abertura1a.jpg,i/blog/abertura1b.jpg,i/blog/abertura1c.jpg,abertura1